,TargetWeight,BMR,CaloriesSpent,TotalCaloriesSpent,DailyDeficit,TargetCalories
0,85.0,1835.0,1190.0,3025.0,193.18181818181816,2831.818181818182
1,84.15,1826.5,1178.1000000000001,3004.6000000000004,191.25,2813.3500000000004
2,83.30850000000001,1818.085,1166.3190000000002,2984.4040000000005,189.3375,2795.0665000000004
3,82.47541500000001,1809.7541500000002,1154.6558100000002,2964.4099600000004,187.444125,2776.9658350000004
4,81.65066085000001,1801.5066085,1143.1092519000001,2944.6158604,185.56968375,2759.0461766500002
5,80.8341542415,1793.341542415,1131.678159381,2925.019701796,183.71398691249996,2741.3057148835
6,80.02581269908501,1785.25812699085,1120.3613777871901,2905.61950477804,181.876847043375,2723.742657734665
7,79.22555457209415,1777.2555457209414,1109.157764009318,2886.4133097302592,180.05807857294124,2706.355231157318
